{
  //投币接口的data.code返回以下这些状态码，则可以继续尝试投币
  //如返回除这些之外的状态码，则终止投币流程，不进行无意义的尝试（比如返回-101：账号未登录；-102：账号被封停；-111：csrf校验失败等）
  "DonateCoinCanContinueStatus": {
    "0": "成功",
    "-400": "请求错误",
    "10003": "不存在该稿件",
    "34002": "不能给自己投币",
    "34003": "非法的投币数量",
    "34004": "投币间隔太短",
    "34005": "超过投币上限"
  }
}
